Acatenango-Fuego,-90.876,14.501,0.13
Ampato,-71.881,-15.82,0.1
Atitln-Tolimn,-91.187,14.584,0.11
Sabancaya-Ampato,-71.881,-15.82,0.12
San_Pedro-San_Pablo,-68.392,-21.888,0.16
Acamarachi,-67.618,-23.294,0.04
Acatenango,-90.876,14.501,0.08
Adams,-121.492,46.202,0.11
Adatara,140.28,37.647,0.11
Adwa,40.821,10.068,0.08
Afder,40.853,13.088,0.09
Agrigan,145.674,18.768,0.07
Agua,-90.744,14.466,0.11
Agua_de_Pau,-25.493,37.76,0.12
Agung,115.498,-8.341,0.09
Akagi,139.193,36.561,0.14
Akita-Komaga-take,140.799,39.761,0.07
Akita-Yake-yama,140.757,39.963,0.07
Akuseki-jima,129.594,29.465,0.03
Akutan,-165.986,54.132,0.07
Alaid,155.564,50.861,0.12
Alamagan,145.836,17.601,0.04
Alayta,40.572,12.888,0.17
Alcedo,-91.108,-0.395,0.25
Ale_Bagu,40.628,13.509,0.07
Alid,39.925,14.889,0.05
Alney-Chashakondzha,159.645,56.692,0.23
Alutu,38.781,7.765,0.11
Amak,-163.149,55.418,0.03
Amasing,127.495,-0.526,0.06
Ambang,124.416,0.757,0.08
Ambitle,153.582,-4.098,0.09
Ambrym,168.119,-16.247,0.27
Amsterdam_Island,77.549,-37.85,0.07
Amukta,-171.257,52.497,0.03
Anatahan,145.656,16.355,0.06
Anaun,158.843,56.307,0.06
Aneityum,169.79,-20.185,0.13
Antisana,-78.142,-0.485,0.12
Antuco,-71.352,-37.411,0.07
Aoba,167.828,-15.405,0.21
Aoga-shima,139.761,32.46,0.02
Apaneca_Range_Los_Naranjos,-89.688,13.872,0.02
Apo,125.271,6.987,0.15
Apoyeque,-86.325,12.247,0.05
Aracar,-67.783,-24.291,0.11
Aragats,44.195,40.523,0.29
Ararat,44.298,39.702,0.18
Arayat,120.743,15.205,0.04
Arenal,-84.703,10.462,0.04
Arenales,-73.469,-47.196,0.09
Arjuno-Welirang,112.59,-7.766,0.16
Asacha,157.829,52.355,0.12
Asama,138.522,36.406,0.07
Asavyo,41.599,13.098,0.14
Ascensin,-14.343,-7.952,0.07
Asuncion,145.405,19.692,0.03
Atacazo,-78.62,-0.357,0.13
Atitln,-91.187,14.584,0.08
Atka,-174.141,52.329,0.14
"Atlixcos,_Los",-96.528,19.81,0.09
Atsonupuri,147.13,44.807,0.05
Aucanquilcha,-68.469,-21.221,0.08
Augustine,-153.43,59.361,0.06
Avachinsky,158.834,53.256,0.14
Awu,125.447,3.688,0.09
Ayelu,40.703,10.083,0.07
Azufral,-77.72,1.086,0.12
"Azufre,_Cerro_del",-68.241,-21.784,0.1
"Azul,_Cerro",-91.41,-0.929,0.19
"Azul,_Cerro",-70.763,-35.657,0.04
Azuma,140.23,37.711,0.13
Babuyan_Claro,121.952,19.524,0.07
Bachelor,-121.689,43.979,0.05
Bagana,155.196,-6.137,0.05
Bakening,158.07,53.904,0.07
Baker,-121.821,48.776,0.1
Balatukan,124.976,8.749,0.29
Balbi,154.995,-5.905,0.18
Baluan,147.289,-2.559,0.04
Baluran,114.362,-7.846,0.08
Balut,125.376,5.398,0.07
Bam,144.819,-3.613,0.03
Bamus,151.241,-5.197,0.09
Banahaw,121.492,14.068,0.09
Banahaw_San_Cristobal,121.426,14.064,0.04
Bandai,140.072,37.601,0.06
Bar,-82.543,8.809,0.16
Baransky,148.019,45.103,0.05
Barren_Island,93.863,12.273,0.03
"Barrier,_The",36.662,2.329,0.12
Barva,-84.102,10.131,0.29
"Bayo,_Cerro",-68.591,-25.414,0.11
Bazman,60.011,28.075,0.1
Belenkaya,157.266,51.75,0.02
Belknap,-121.842,44.285,0.07
Berutarube,146.931,44.466,0.09
Bezymianny,160.596,55.973,0.05
Bibinoi,127.725,-0.762,0.04
Biliran_North,124.461,11.649,0.14
Biliran_South,124.573,11.529,0.12
Billy_Mitchell,155.216,-6.1,0.05
"Blancas,_Lomas",-71.012,-36.29,0.04
Blup_Blup,144.606,-3.505,0.03
Bobrof,-177.442,51.906,0.03
Bogatyr_Ridge_Stokap,147.344,44.838,0.07
Bola,150.037,-5.143,0.04
Borale_Ale,40.597,13.725,0.06
Borawli,40.986,13.304,0.05
Boset-Bericha_Bericha,39.51,8.613,0.03
Boset-Bericha_Boset,39.476,8.56,0.07
Bouvet,3.349,-54.409,0.07
Brava,-24.704,14.851,0.08
"Bravo,_Cerro",-75.293,5.091,0.06
Brushy_Butte,-121.492,41.166,0.1
Buldir,175.91,52.348,0.04
Bulusan,124.056,12.769,0.08
"Burney,_Monte",-73.377,-52.328,0.09
Cabalan,125.218,10.285,0.06
Cagua,122.12,18.216,0.07
Caichinque,-67.74,-23.949,0.02
Calbuco,-72.618,-41.331,0.11
Callaqui,-71.447,-37.928,0.13
Cameroon,9.172,4.218,0.33
Camiguin_Hibok-Hibok,124.676,9.199,0.06
Camiguin_Mambajao,124.727,9.178,0.09
Camiguin_de_Babuyanes,121.863,18.832,0.03
Carlisle,-170.059,52.892,0.07
"Casiri,_Nevados",-69.815,-17.47,0.05
Cay,-72.985,-45.06,0.08
Cayambe,-77.99,0.025,0.14
Ceboruco,-104.513,21.127,0.09
Cereme,108.406,-6.894,0.13
"Chachani,_Nevado",-71.533,-16.195,0.18
Chagulak,-171.138,52.572,0.03
Changbaishan,128.077,41.993,0.17
Cherny,159.675,56.824,0.04
Chiginagak,-156.983,57.131,0.06
Chikurachki,155.46,50.323,0.06
Chiliques,-67.704,-23.579,0.04
"Chilln,_Nevados_de_Cerro_Blanco,_Nevado",-71.41,-36.83,0.05
"Chilln,_Nevados_de_Viejo,_Chilln",-71.378,-36.868,0.06
Chimborazo,-78.817,-1.47,0.13
Chinameca,-88.342,13.475,0.08
Chingo,-89.726,14.119,0.03
Chirinkotan,153.479,48.979,0.02
Chirip,147.913,45.377,0.12
Chokai,140.048,39.099,0.13
"Ciguatepe,_Cerro_el",-86.143,12.541,0.03
Cleveland,-169.947,52.822,0.07
"Cndor,_Cerro_el",-68.361,-26.632,0.12
"Cochons,_Ile_aux",50.21,-46.098,0.08
Cofre_de_Perote,-97.151,19.486,0.22
Colachi,-67.647,-23.241,0.03
Colima,-103.617,19.512,0.04
Colo_Una_Una,121.611,-0.178,0.09
Concepcin,-85.623,11.538,0.06
Conchagita,-87.768,13.229,0.03
Conchagua,-87.845,13.275,0.08
Copahue,-71.184,-37.858,0.07
Copiap,-69.132,-27.307,0.04
Corcovado,-72.795,-43.194,0.07
Cordn_del_Azufre,-68.522,-25.337,0.07
Coronado,-113.516,29.089,0.02
Coropuna,-72.661,-15.546,0.15
Corvo,-31.117,39.7,0.04
Cosigina,-87.576,12.97,0.11
Cotopaxi,-78.439,-0.681,0.1
Cuernos_de_Negros,123.18,9.245,0.25
Cumbal,-77.887,0.956,0.07
"Cumbres,__Las",-97.282,19.178,0.15
Dabbahu,40.479,12.594,0.14
Daisetsu,142.854,43.663,0.13
Dama_Ali,41.62,11.265,0.11
Damavand,52.109,35.954,0.1
Dana,-161.216,55.641,0.07
Darwin,-91.273,-0.175,0.17
"Daun,_Bukit",102.343,-3.392,0.12
Demon,148.862,45.5,0.05
Dempo,103.127,-4.016,0.13
Descabezado_Grande,-70.747,-35.59,0.05
"Diables,_Morne_aux",-61.437,15.612,0.07
"Diablotins,_Morne",-61.399,15.503,0.14
Doa_Juana,-76.937,1.5,0.04
Dofen,40.131,9.344,0.06
Doma_Peaks,143.155,-5.901,0.11
Douglas,-153.536,58.858,0.07
Dubbi,41.808,13.579,0.04
Dukono,127.901,1.636,0.15
Dutton,-162.274,55.186,0.08
Dzenzursky,158.928,53.638,0.1
Easter_Island_Terevaka,-109.381,-27.086,0.07
Ebeko,156.016,50.686,0.1
Ebulobo,121.191,-8.817,0.05
"Eburru,_Ol_Doinyo",36.235,-0.638,0.08
Ecuador,-91.551,-0.012,0.05
Edgecumbe,-135.76,57.051,0.03
Egon,122.456,-8.68,0.04
Ekarma,153.941,48.947,0.06
Elbrus,42.437,43.352,0.08
Emmons_Lake_Emmons,-162.074,55.34,0.05
Emuruangogolak,36.353,1.501,0.14
Erciyes_Dagi,35.447,38.531,0.16
Erta_Ale,40.66,13.605,0.09
"Escorial,_Cerro",-68.367,-25.083,0.05
"Est,_Ile_de_l'",52.247,-46.418,0.11
Etna,14.995,37.754,0.22
Falso_Azufre,-68.363,-26.801,0.18
Fayal,-28.714,38.576,0.13
Fentale,39.928,8.98,0.1
Fernandina,-91.525,-0.354,0.2
Flores,-31.221,39.464,0.12
Fogo,-24.343,14.949,0.22
Fogo_Pico,-24.343,14.949,0.04
Fonualei,-174.322,-18.024,0.02
Piton_de_la_Fournaise,55.706,-21.245,0.29
Fourpeaked,-153.676,58.767,0.06
Frosty,-162.835,55.067,0.11
Fuego,-90.881,14.474,0.09
Fuji,138.727,35.361,0.11
Fukue-jima,128.865,32.661,0.04
Fuss_Peak,155.246,50.267,0.06
Gabillema,41.259,11.082,0.06
Gada_Ale,40.41,13.974,0.03
Galeras,-77.354,1.218,0.16
Galunggung,108.069,-7.235,0.13
Gamalama,127.332,0.808,0.1
Gamchen,160.703,54.973,0.08
Gamkonora,127.534,1.382,0.08
Garbuna_Group,150.026,-5.417,0.09
Gareloi,-178.795,51.788,0.08
Garibaldi,-123.01,49.849,0.11
Gaua,167.514,-14.282,0.18
Gede,106.964,-6.771,0.19
Glacier_Peak,-121.114,48.112,0.08
Golaya,157.791,52.262,0.03
Gorely,158.029,52.557,0.08
Gorny_Institute,160.197,57.329,0.09
Graciosa,-27.967,39.021,0.04
Great_Sitkin,-176.112,52.076,0.08
Griggs,-155.092,58.352,0.06
"Grille,_La",43.34,-11.464,0.19
Guagua_Pichincha,-78.599,-0.177,0.21
Guallatiri,-69.09,-18.423,0.05
Guayaques,-67.567,-22.899,0.08
Guazapa,-89.115,13.9,0.08
Guguan,145.845,17.307,0.02
Guntur,107.84,-7.143,0.09
Hachijo-jima_Nishi-yama,139.762,33.138,0.04
Hakone,139.021,35.233,0.21
Haku-san,136.771,36.154,0.07
Haleakala,-156.257,20.707,0.38
Halla,126.529,33.36,0.25
Hanish,42.732,13.722,0.09
Hargy,151.098,-5.336,0.04
Haruna,138.85,36.477,0.17
Hasan_Dagi,34.164,38.126,0.12
Hayli_Gubbi,40.722,13.509,0.05
Heard,73.517,-53.104,0.17
Herbert,-170.116,52.741,0.08
Hierro,-18.041,27.728,0.17
Hiri,127.316,0.897,0.03
Hiuchi,139.288,36.955,0.05
Homa_Mountain,34.497,-0.387,0.06
Hood,-121.698,45.373,0.14
Hornopirn,-72.434,-41.879,0.05
Hualalai,-155.865,19.688,0.18
"Hudson,_Cerro",-72.923,-45.953,0.21
"Huila,_Nevado_del",-76.028,2.923,0.14
Ibu,127.63,1.491,0.06
Ichinsky,157.719,55.677,0.13
Ijen,114.261,-8.063,0.08
Iliboleng,123.256,-8.346,0.07
Ililabalekan,123.384,-8.545,0.08
Iliwerung,123.563,-8.52,0.04
Illiniza,-78.716,-0.663,0.14
Ilyinsky,157.203,51.499,0.06
Imbabura,-78.181,0.261,0.07
"Incahuasi,_Nevado_de",-68.297,-27.033,0.11
Inielika,120.975,-8.715,0.06
Inierie,120.954,-8.878,0.05
Ipala,-89.639,14.551,0.05
Iraya,122.011,20.466,0.05
Iraz,-83.854,9.976,0.25
Iriga,123.45,13.458,0.06
Irruputuncu,-68.553,-20.732,0.04
Isanotski,-163.731,54.768,0.1
Isarog,123.372,13.659,0.11
Ischia,13.895,40.73,0.07
Isluga,-68.82,-19.155,0.08
Iwaki,140.303,40.656,0.07
Iwate,141.001,39.853,0.08
Iya,121.641,-8.892,0.03
Iyang-Argapura,113.566,-7.965,0.35
Izalco,-89.633,13.813,0.02
Iztacchuatl,-98.643,19.178,0.15
Jailolo,127.439,1.08,0.03
Jalua,39.818,15.035,0.09
Jefferson,-121.8,44.673,0.09
Jocotitln,-99.759,19.737,0.08
Kaba,102.615,-3.523,0.11
Kagamil,-169.717,52.972,0.03
Kalatungan,124.802,7.955,0.21
Kambalny,156.875,51.305,0.09
Kamen,160.595,56.018,0.06
Kanaga,-177.163,51.925,0.04
Kanlaon,123.13,10.409,0.18
Kao,-175.016,-19.669,0.04
Karaca_Dag,39.828,37.712,0.27
Karang,106.049,-6.269,0.08
Karangetang_(Api_Siau),125.406,2.78,0.08
Karisimbi,29.45,-1.506,0.12
Karkar,145.977,-4.678,0.21
Karthala,43.367,-11.759,0.25
Karymsky,159.443,54.048,0.03
Kasatochi,-175.513,52.169,0.02
Kasbek,44.518,42.696,0.25
Katmai,-154.954,58.279,0.05
Kawi-Butak,112.465,-7.956,0.15
Kelimutu,121.799,-8.763,0.05
Kelut,112.314,-7.935,0.13
Kendang,107.708,-7.245,0.09
Kerinci,101.264,-1.698,0.1
Ketoi,152.438,47.341,0.08
Khangar,157.406,54.761,0.07
Kharimkotan,154.511,49.114,0.06
Khodutka,157.71,52.062,0.06
Kieyo,33.792,-9.229,0.05
Kilimanjaro,37.352,-3.077,0.6
Kirishima,130.861,31.934,0.17
Kiska,177.603,52.102,0.06
Kita-Iwo-jima,141.282,25.43,0.02
Kizimen,160.32,55.13,0.05
Klabat,125.031,1.453,0.08
Kliuchevskoi,160.641,56.055,0.1
Kolokol_Group,150.048,46.043,0.08
Komaga-take,140.677,42.063,0.06
Komarov,160.722,55.032,0.03
Korosi,36.126,0.76,0.07
Korovin,-174.167,52.381,0.06
Koryaksky,158.711,53.32,0.09
Koshelev,156.754,51.356,0.09
"Koussi,_Emi",18.551,19.793,0.42
Krasheninnikov,160.269,54.595,0.05
Kronotsky,160.533,54.753,0.11
Ksudach,157.583,51.764,0.2
Kuchinoerabu-jima,130.213,30.439,0.05
Kuchino-shima,129.925,29.967,0.04
Kuju,131.249,33.086,0.1
Kunyit,101.489,-2.276,0.07
Kupreanof,-159.792,56.013,0.09
Kurikoma,140.788,38.961,0.12
Kurub,41.206,11.884,0.06
Kusatsu-Shirane,138.525,36.67,0.14
La_Palma,-17.837,28.569,0.14
Lamington,148.161,-8.932,0.08
Lamongan,113.346,-7.976,0.05
Langila,148.392,-5.538,0.08
Lann,-71.503,-39.638,0.09
Lassen_Volc_Center,-121.506,40.488,0.03
Lastarria,-68.508,-25.169,0.06
Late,-174.649,-18.805,0.04
Latukan,124.438,7.654,0.02
Lautaro,-73.507,-49.02,0.13
Lawu,111.194,-7.628,0.13
"Lengai,_Ol_Doinyo",35.914,-2.764,0.07
Lewotobi,122.781,-8.555,0.09
Lewotolo,123.507,-8.274,0.06
Liamuiga,-62.803,17.368,0.05
Licancabur,-67.886,-22.834,0.05
Lihir,152.62,-3.182,0.09
Lipari,14.934,38.505,0.07
Little_Sitkin,178.537,51.953,0.04
Llaima,-71.732,-38.696,0.07
Llullaillaco,-68.537,-24.72,0.1
Lokon-Empung_Lokon,124.796,1.356,0.02
Lolo,150.508,-5.466,0.04
Loloru,155.603,-6.497,0.07
Long_Island,147.09,-5.257,0.21
"Longav,_Nevado_de",-71.165,-36.197,0.08
Longonot,36.447,-0.917,0.07
Lonquimay,-71.587,-38.38,0.06
Lopevi,168.343,-16.51,0.06
Lscar,-67.74,-23.369,0.06
Lubukraya,99.21,1.478,0.07
Lurus,113.58,-7.74,0.04
Ma_Alalta,40.184,13.012,0.1
Maca,-73.17,-45.106,0.06
Machn,-75.389,4.486,0.04
Maderas,-85.516,11.445,0.07
Mageik,-155.255,58.195,0.07
Mahagnao,124.888,10.881,0.08
Mahawu,124.865,1.351,0.05
Maipo,-69.832,-34.164,0.07
Makaturing,124.4,7.639,0.17
Makian,127.391,0.318,0.09
Makushin,-166.94,53.886,0.13
Malabar,107.625,-7.152,0.14
"Malinche,_La",-98.033,19.231,0.18
Malindang,123.635,8.217,0.22
Malindig,122.013,13.241,0.08
Malintang,99.673,0.485,0.12
Mallahle,41.673,13.302,0.08
Manam,145.038,-4.079,0.09
Manda_Hararo,40.813,12.174,0.04
Mandalagan,123.236,10.637,0.14
Manengouba,9.842,5.022,0.16
Marapi,100.474,-0.381,0.13
Marchena,-90.464,0.35,0.12
Mare,127.391,0.573,0.03
Marion_Island,37.708,-46.904,0.17
Mariveles,120.468,14.517,0.22
Marsabit,37.961,2.317,0.4
Masaraga,123.598,13.31,0.09
Mat_Ala,41.161,13.106,0.07
Matutum,125.076,6.36,0.07
Mauna_Kea,-155.47,19.823,0.3
Mauna_Loa,-155.607,19.474,0.58
Mayon,123.686,13.255,0.08
Mayor_Island,176.241,-37.281,0.04
Meager,-123.513,50.645,0.13
Medicine_Lake,-121.554,41.61,0.24
Medvezhia,148.838,45.389,0.05
Melimoyu,-72.861,-44.076,0.11
Mendeleev,145.732,43.979,0.05
Mentolat,-73.076,-44.697,0.07
Merapi,110.446,-7.541,0.07
Merbabu,110.439,-7.455,0.09
Mere_Lava,168.039,-14.464,0.04
Meru,36.75,-3.245,0.16
Miiques,-67.759,-23.817,0.09
Mikura-jima,139.603,33.874,0.05
Milne,151.786,46.814,0.1
Minchinmvida,-72.446,-42.8,0.07
Miravalles,-85.152,10.747,0.13
"Misti,_El",-71.412,-16.297,0.1
Miyake-jima,139.526,34.081,0.07
Mlos,24.382,36.676,0.08
Mocho-Choshuenco,-72.03,-39.932,0.11
Moffett,-176.742,51.937,0.09
Mojanda,-78.294,0.133,0.16
Mombacho,-85.96,11.827,0.07
Momotombo,-86.54,12.424,0.04
Moti,127.411,0.453,0.05
Motlav,167.683,-13.668,0.06
Mousa_Alli,42.404,12.468,0.12
Moyuta,-90.096,14.027,0.18
Muhavura,29.678,-1.383,0.05
Muria,110.89,-6.617,0.17
Mutnovsky,158.196,52.448,0.09
Myoko,138.112,36.892,0.09
Nabro,41.728,13.391,0.15
Nakano-shima,129.856,29.859,0.05
Namarunu,36.436,1.978,0.05
Nantai,139.49,36.765,0.05
Narcondum,94.262,13.444,0.03
Nasu,139.962,37.149,0.08
Natib,120.401,14.712,0.22
"Negra,_Sierra",-91.136,-0.782,0.21
"Negro_de_Mayasquer,_Cerro",-77.966,0.824,0.05
Nemo_Peak,154.813,49.564,0.05
Nemrut_Dagi,42.255,38.654,0.13
"Nevada,_Sierra",-68.56,-26.492,0.14
Nevis_Peak,-62.584,17.15,0.08
Newberry,-121.255,43.688,0.24
Nikko-Shirane,139.375,36.798,0.06
Nila,129.513,-6.742,0.05
Niseko,140.658,42.874,0.1
Nisyros,27.155,36.588,0.07
Niuafo'ou,-175.626,-15.583,0.07
Norikura,137.552,36.104,0.13
North_Sister_Field,-121.785,44.148,0.06
North_Vate_Emau,168.49,-17.472,0.03
North_Vate_Nguna,168.347,-17.448,0.05
Nyambeni_Hills,37.878,0.234,0.12
Nyamuragira,29.21,-1.417,0.12
Nyiragongo,29.254,-1.519,0.1
"Ojos_del_Salado,_Nevados",-68.541,-27.11,0.1
Okmok,-168.057,53.374,0.19
Ol_Kokwe,36.074,0.612,0.02
Olca-Paruma,-68.441,-20.946,0.09
Ollage,-68.179,-21.303,0.11
On-take,137.476,35.894,0.08
Opala,157.339,52.543,0.07
"Orizaba,_Pico_de",-97.269,19.031,0.13
Oros,-85.448,10.932,0.12
Oshima,139.394,34.724,0.09
Oshima-Oshima,139.367,41.51,0.03
Osore-yama,141.119,41.278,0.17
Osorno,-72.497,-41.105,0.08
Ostry,160.827,58.184,0.03
Pacaya,-90.602,14.381,0.05
Paco,125.53,9.604,0.1
Paka,36.211,0.911,0.07
Palomo,-70.297,-34.611,0.03
Paluweh,121.71,-8.33,0.06
Panarea,15.063,38.638,0.02
Pantelleria,12.004,36.78,0.09
Papandayan,107.715,-7.329,0.1
Parinacota,-69.142,-18.166,0.06
Parker,124.886,6.08,0.22
Patuha,107.399,-7.163,0.08
Pavlof,-161.894,55.417,0.05
Pavlof_Sister,-161.856,55.456,0.06
Payn_Matru,-69.241,-36.423,0.17
Peinado,-68.116,-26.623,0.07
Pele,-61.167,14.809,0.12
Penanggungan,112.619,-7.616,0.06
Peuet_Sague,96.329,4.914,0.11
Pico,-28.4,38.468,0.09
"Pilas,_Las",-86.671,12.489,0.06
Pinatubo,120.368,15.092,0.23
Pinta,-90.756,0.585,0.08
Planchn-Peteroa,-70.583,-35.274,0.15
"Plat_Pays,_Morne",-61.347,15.249,0.06
Platanar,-84.357,10.246,0.23
Pocdol_Mountains,123.96,13.048,0.15
Popa,95.254,20.92,0.08
Popocatpetl,-98.628,19.022,0.14
Pos,-84.226,10.184,0.19
"Possession,_Ile_de_la",51.696,-46.415,0.13
Prevo_Peak,152.116,47.014,0.04
Prince_Edward_Island,37.931,-46.627,0.07
Pular,-68.067,-24.201,0.18
Pulosari,105.978,-6.342,0.06
Puntiagudo-Cordn_Cenizos_Puntiagudo,-72.267,-40.973,0.05
Purac,-76.395,2.309,0.16
Purico_Complex_Chascn,-67.691,-23.012,0.04
Putana,-67.853,-22.557,0.08
Puyehue-Cordn_Caulle,-72.119,-40.594,0.28
Puyehue-Cordn_Caulle_Puyehue,-72.119,-40.594,0.07
Quetrupillan,-71.723,-39.496,0.05
"Quill,_The",-62.96,17.476,0.04
Ragang,124.507,7.691,0.14
Raikoke,153.253,48.291,0.02
Rainier,-121.761,46.852,0.13
Rajabasa,105.634,-5.779,0.1
Ranau_Semuning,103.963,-4.911,0.07
Raoul_Island,-177.908,-29.268,0.06
Rasshua,153.02,47.762,0.06
Raung,114.046,-8.122,0.14
Recheschnoi,-168.539,53.154,0.09
Reventador,-77.66,-0.081,0.13
Rincn_de_la_Vieja,-85.319,10.809,0.15
Rinjani,116.458,-8.411,0.21
Risco_Plateado,-69.995,-34.919,0.14
Rishiri,141.241,45.179,0.07
Romanovka,158.809,55.639,0.04
Rota,-86.756,12.554,0.06
Roundtop,-163.592,54.799,0.1
Ruapehu,175.562,-39.29,0.14
Rudakov,149.818,45.873,0.04
"Ruiz,_Nevado_del",-75.324,4.891,0.16
Rungwe,33.668,-9.135,0.12
Saba,-63.238,17.634,0.04
Sabalan,47.836,38.267,0.09
Sabancaya,-71.857,-15.789,0.07
Sahand,46.499,37.729,0.35
Sairecabur,-67.891,-22.719,0.15
Sakar,148.079,-5.404,0.07
Sakura-jima,130.657,31.589,0.07
Salak,106.733,-6.716,0.08
San_Carlos,8.539,3.361,0.2
San_Cristbal,-87.006,12.702,0.05
San_Cristbal,-89.516,-0.897,0.17
San_Joaquin,8.627,3.364,0.18
San_Jos,-69.896,-33.79,0.1
San_Martn,-95.201,18.557,0.15
San_Miguel,-88.27,13.434,0.09
San_Pablo_Volc_Field_Makiling,121.189,14.135,0.07
San_Pedro,-68.392,-21.888,0.11
San_Pedro-Pellado,-70.853,-35.993,0.09
San_Salvador,-89.257,13.744,0.12
San_Vicente,-88.838,13.596,0.08
Sanbe,132.621,35.14,0.03
Sangangey,-104.733,21.451,0.06
Sangay,-78.341,-2.005,0.12
Sangeang_Api,119.069,-8.197,0.12
Santa_Ana,-89.628,13.855,0.06
Santa_Cruz,-90.327,-0.643,0.29
Santa_Isabel,8.761,3.588,0.33
Santa_Isabel,-75.365,4.818,0.07
Santa_Mara,-91.552,14.757,0.08
Santiago,-90.784,-0.212,0.16
Sao_Tome,6.541,0.269,0.3
Sara_Sara,-73.446,-15.33,0.05
Sarigan,145.78,16.699,0.02
Sarychev_Peak,153.2,48.09,0.06
Savai'i,-172.487,-13.619,0.42
Savo,159.816,-9.13,0.06
Schmidt,160.64,54.899,0.14
Segula,178.136,52.015,0.06
Semeru,112.923,-8.108,0.07
Semisopochnoi,179.601,51.985,0.15
Serua,130.017,-6.313,0.03
Sete_Cidades,-25.755,37.826,0.12
Seulawah_Agam,95.655,5.447,0.07
Shasta,-122.196,41.409,0.17
Shirinki,154.983,50.197,0.03
Shishaldin,-163.972,54.756,0.15
Shiveluch,161.363,56.653,0.17
Sibayak,98.5,3.247,0.04
Sibualbuali,99.255,1.556,0.1
Silali,36.174,1.169,0.14
Silay,123.233,10.77,0.12
Simbo,156.519,-8.304,0.03
Sinabung,98.39,3.171,0.05
Sinarka,154.18,48.872,0.09
Sirung,124.105,-8.52,0.08
Slamet,109.22,-7.239,0.12
Smirnov,146.132,44.425,0.09
Snowy_Mountain,-154.687,58.333,0.09
Soche,-77.582,0.551,0.06
Socompa,-68.246,-24.397,0.13
Socorro,-110.976,18.79,0.12
"Solo,_El",-68.714,-27.106,0.04
Soputan,124.736,1.111,0.04
Sorikmarapi,99.54,0.68,0.06
Sork_Ale,41.727,13.181,0.04
Sotar,-76.591,2.108,0.03
Soufrire_Guadeloupe,-61.665,16.045,0.07
Soufrire_Hills,-62.178,16.712,0.06
Soufrire_St._Vincent,-61.176,13.347,0.08
South_Island,36.596,2.624,0.06
South_Sister,-121.771,44.104,0.06
Sphan_Dagi,42.827,38.926,0.11
St._Andrew_Strait,147.369,-2.389,0.04
St._Catherine,-61.676,12.161,0.1
St._Helens,-122.196,46.191,0.07
St._Paul_Island,-170.409,57.184,0.1
Stromboli,15.211,38.788,0.03
Suchitn,-89.779,14.399,0.06
Sulu_Range,150.94,-5.497,0.06
Sumaco,-77.627,-0.541,0.15
Sumbing,101.729,-2.415,0.05
Sumbing,110.073,-7.386,0.1
Sundoro,109.995,-7.303,0.07
Suretamatai,167.468,-13.795,0.06
Suswa,36.348,-1.176,0.15
Suwanose-jima,129.713,29.638,0.05
Taapaca,-69.508,-18.113,0.1
Taburete,-88.532,13.435,0.03
Tacan,-92.109,15.132,0.11
Tacora,-69.773,-17.721,0.06
Tafahi,-173.748,-15.853,0.02
Taftan,61.132,28.6,0.09
Tahual,-89.906,14.436,0.04
"Tair,_Jebel_at",41.833,15.539,0.02
Tajumulco,-91.904,15.043,0.11
Takahara,139.776,36.899,0.13
Takawangha,-178.03,51.867,0.07
Takuan_Group,155.609,-6.443,0.08
Talakmau,99.983,0.079,0.14
Talang,100.681,-0.979,0.08
Tambo_Quemado,-68.749,-18.626,0.06
Tambora,117.958,-8.247,0.31
Tampomas,107.96,-6.765,0.08
Tana,-169.759,52.839,0.09
Tanaga,-178.144,51.883,0.08
Tandikat,100.32,-0.434,0.09
Tandikat_Singgalang,100.331,-0.391,0.09
Tandikat_Tandikat-Singgalang,100.331,-0.391,0.13
Tangkubanparahu,107.605,-6.754,0.07
Tao-Rusyr_Caldera_Krenitzyn_Peak,154.707,49.354,0.03
"Tara,_Batu",123.585,-7.792,0.03
Taranaki_Egmont,174.063,-39.297,0.09
Tata_Sabaya,-68.524,-19.136,0.06
Ta'u,-169.455,-14.233,0.07
Taunshits,159.804,54.527,0.08
Taveuni,179.988,-16.899,0.19
Tecapa,-88.502,13.494,0.12
Tecuamburro,-90.407,14.157,0.04
Telica,-86.845,12.605,0.06
Telomoyo,110.4,-7.362,0.09
"Telong,_Bur_ni",96.816,4.81,0.16
Tendrek_Dagi,43.873,39.355,0.15
Tenerife_Teide,-16.643,28.272,0.08
Tenorio,-85.013,10.668,0.12
Teon,129.143,-6.976,0.04
Terceira,-27.32,38.73,0.07
Tiatia,146.253,44.353,0.08
Tidore,127.402,0.662,0.07
Tigalalu,127.423,0.068,0.03
"Tigre,_El",-88.427,13.467,0.08
"Tigre,_Isla_el",-87.64,13.273,0.03
Tinakula,165.803,-10.386,0.03
Tipas,-68.561,-27.196,0.13
Tobaru,127.671,1.631,0.03
Tolbachik,160.326,55.831,0.15
Tolguaca,-71.649,-38.315,0.12
"Tolima,_Nevado_del",-75.33,4.658,0.08
Tolimn,-91.19,14.613,0.06
"Toluca,_Nevado_de",-99.768,19.101,0.16
Tongariro,175.632,-39.158,0.14
Tongkoko,125.184,1.518,0.05
Tori-shima,140.302,30.483,0.02
"Tortuga,_Isla",-111.882,27.438,0.03
To-shima,139.279,34.519,0.02
"Toussid,_Tarso",16.473,21.04,0.07
Traitor's_Head,169.241,-18.756,0.05
Tres_Vrgenes_La_Virgen,-112.592,27.469,0.06
Tri_Sestry,149.898,45.925,0.05
Trident,-155.102,58.234,0.05
Trindade,-29.325,-20.512,0.03
Tristan_da_Cunha,-12.289,-37.112,0.06
"Trois_Pitons,_Morne",-61.328,15.37,0.05
Tromen,-70.05,-37.141,0.21
Tungurahua,-78.445,-1.47,0.13
Turrialba,-83.757,10.018,0.21
Tutupaca,-70.372,-17.026,0.08
"Tuzgle,_Cerro",-66.479,-24.057,0.06
Ubinas,-70.903,-16.349,0.08
Udina_Bolshaya_Udina,160.527,55.759,0.08
Udina_Malaya_Udina,160.617,55.744,0.03
Ugashik-Peulik_Peulik,-156.371,57.75,0.05
Ulawun,151.331,-5.052,0.11
Uliaga,-169.77,53.065,0.03
Ulreung,130.862,37.494,0.09
Umboi_Talo,147.915,-5.574,0.05
Ungaran,110.347,-7.185,0.09
Unzen,130.298,32.761,0.15
Upolu,-171.731,-13.939,0.35
Urataman,152.246,47.121,0.03
Ushkovsky,160.508,56.113,0.19
Usu,140.839,42.543,0.05
Usulutn,-88.471,13.419,0.04
Uturuncu,-67.187,-22.264,0.14
Veniaminof,-159.297,56.218,0.26
Vesuvius,14.428,40.822,0.08
Victory,149.072,-9.201,0.1
Villarrica,-71.94,-39.421,0.08
Vilyuchik,158.281,52.704,0.07
Visoke,29.485,-1.458,0.03
Visokiy,157.933,52.435,0.03
"Voon,_Tarso",17.185,20.919,0.27
Vsevidof,-168.696,53.125,0.09
Vulcano,14.99,38.382,0.05
Wallis_Islands,-176.207,-13.275,0.09
Westdahl,-164.694,54.57,0.25
White_Island,177.178,-37.52,0.02
Wilis,111.76,-7.814,0.28
Wolf,-91.335,0.042,0.2
Wurlali,128.674,-7.122,0.04
Yake-dake,137.586,36.227,0.03
Yangudi,41.042,10.586,0.07
Yanteles,-72.815,-43.504,0.1
Yate,-72.399,-41.759,0.12
Yelia,145.859,-7.043,0.08
Yotei,140.81,42.825,0.06
Yucamane,-70.196,-17.184,0.09
Yunaska,-170.658,52.653,0.07
"Zacate_Grande,_Isla",-87.629,13.338,0.05
Zao,140.44,38.143,0.18
Zapatera,-85.817,11.738,0.07
Zheltovsky,157.327,51.576,0.08
Zhupanovsky,159.149,53.588,0.11
Zimina,160.604,55.86,0.11
"Zubair,_Jebel",42.179,15.034,0.04
Zukur,42.75,14.018,0.1
